ID,LATITUDE,LONGITUDE
8730667,30.2786,-87.5550
8731439,30.2799,-87.6843
8733821,30.4866,-87.9345
8735181,30.2513,-88.0795
8735523,30.4437,-88.1139
8737048,30.7083,-88.0433
8738043,30.3766,-88.1586
9450251,55.0354,-133.0238
9450364,55.2017,-132.8230
9450466,55.3583,-132.3680
9450544,55.4800,-132.6450
9450581,55.5350,-132.3970
9450625,55.6017,-132.5120
9450711,55.7217,-133.3500
9450815,55.8800,-132.5950
9450914,56.0383,-131.0950
9450970,56.1183,-132.0780
9450987,56.1483,-133.4600
9451005,56.1783,-132.6970
9451054,56.2467,-134.6470
9451152,56.3922,-132.1690
9451263,56.5583,-132.9630
9451335,56.6633,-132.6170
9451376,56.7217,-135.0750
9451434,56.8000,-132.9800
9451467,56.8567,-134.7230
9451600,57.0517,-135.3420
9451706,57.1883,-134.2870
9451785,57.2950,-133.7970
9451936,57.5150,-135.5550
9452022,57.8783,-133.1900
9452069,57.8067,-133.6300
9452131,58.3667,-134.0520
9452210,58.2983,-134.4120
9452294,58.0850,-134.7770
9452328,57.9667,-134.9350
9452368,58.2150,-135.1270
9452391,58.7133,-135.2320
9452434,59.3017,-135.4280
9452516,58.2867,-135.8030
9452584,58.9133,-136.1080
9452634,58.1947,-136.3469
9452749,58.9648,-136.8776
9453208,59.6117,-139.5800
9453220,59.5485,-139.7334
9453456,59.8850,-141.4570
9454050,60.5583,-145.7530
9454328,61.0817,-146.6680
9454374,60.8983,-146.7820
9454460,61.0233,-147.0850
9454561,60.1267,-147.3950
9454616,60.0250,-147.5920
9454662,60.2500,-147.7170
9454674,59.8900,-147.7950
9454721,60.6717,-147.9320
9454755,60.1967,-148.0420
9454794,60.6233,-148.1650
9454818,60.4917,-148.2420
9454907,60.7650,-148.5230
9454951,60.4567,-148.6650
9455120,59.7733,-149.5880
9455146,59.8850,-149.7180
9455178,59.7483,-149.9000
9455428,59.2133,-151.7280
9455517,59.4683,-151.5650
9455606,59.7720,-151.8670
9455732,60.5117,-151.9520
9455768,60.7133,-151.7270
9455866,61.0367,-150.4130
9455914,61.1733,-150.2050
9455934,61.2683,-149.9170
9456717,58.3917,-153.9580
9456993,58.0633,-154.4770
9457261,57.7833,-152.4280
9457292,57.7317,-152.5120
9457393,57.7394,-152.8747
9457527,57.2028,-153.3039
9457724,57.5333,-153.9900
9458209,57.7067,-155.3930
9458471,57.0133,-156.4830
9458705,56.6167,-157.4920
9458819,56.6133,-157.9830
9458917,56.2967,-158.4000
9459016,55.8900,-158.8200
9459450,55.3367,-160.5020
9459949,55.2083,-162.6980
9462450,52.9406,-168.8713
9462645,53.8289,-166.2162
9462694,54.1333,-165.7773
9462719,54.2333,-165.5330
9462782,54.1200,-164.9770
9462808,54.3936,-164.7457
9462955,54.8583,-163.4070
9464212,57.1253,-170.2852
9465358,58.9867,-160.6250
9465601,59.3780,-162.0293
9466153,60.2703,-162.4102
9466328,60.5543,-162.2971
9467551,62.5329,-164.8453
9468258,63.6791,-170.5371
9468691,64.3802,-161.2351
9469237,65.2567,-166.8470
9469439,65.5583,-167.9750
9469541,65.7571,-168.9495
9469804,66.1700,-166.2070
9469982,66.4617,-165.0550
9490571,67.0542,-163.3213
9491253,67.7267,-164.5920
9494168,70.5983,-160.1080
9497645,70.4000,-148.5270
9497651,70.3883,-148.5020
2695535,32.3700,-64.6950
9410025,32.5717,-117.1200
9410170,32.7142,-117.1736
9410302,33.0133,-117.2770
9410650,33.7067,-118.2730
9410738,33.8467,-118.3980
9410971,34.0200,-119.6830
9411340,34.4083,-119.6850
9412110,35.1767,-120.7600
9413450,36.6050,-121.8880
9413631,36.8183,-121.7470
9413663,36.8567,-121.7550
9414305,37.8100,-122.4130
9414392,37.6650,-122.3770
9414506,37.5133,-122.0800
9414519,37.4933,-122.0420
9414537,37.4567,-122.1100
9414575,37.4650,-122.0230
9414609,37.5517,-122.1620
9414746,37.7717,-122.2350
9414764,37.7950,-122.2820
9414777,37.8050,-122.3380
9414782,37.8100,-122.3600
9414796,37.8333,-122.3970
9414816,37.8650,-122.3070
9414835,37.8917,-121.4880
9414849,37.9100,-122.3580
9414867,37.9367,-121.3330
9414874,37.9433,-122.5130
9414958,37.9080,-122.6785
9415020,37.9961,-122.9767
9415052,38.0150,-122.5030
9415064,38.0200,-121.8150
9415102,38.0346,-122.1252
9415112,38.0433,-121.9180
9415126,38.0483,-122.4980
9415145,38.0550,-121.6570
9415165,38.1117,-122.2730
9415193,38.0867,-121.6850
9415218,38.0700,-122.2500
9415236,38.1067,-121.7000
9415265,38.1283,-122.0730
9415307,38.1367,-121.9070
9415338,38.1567,-122.4070
9415379,38.1800,-122.0450
9415414,38.1833,-121.6550
9415438,38.2050,-122.3730
9415477,38.2317,-122.9680
9415489,38.2400,-121.5220
9415565,38.2767,-121.4950
9415846,38.4167,-121.5230
9416841,38.9133,-123.7080
9418723,40.7233,-124.2220
9418778,40.7783,-124.1970
9418802,40.8067,-124.1420
9418983,40.8983,-124.1350
9419945,41.9452,-124.2009
9500966,22.2617,-97.7950
9635000,13.9167,-90.8300
9650593,15.8350,-87.8700
9654234,16.0167,-86.0333
9665401,14.0422,-83.3819
9712714,25.5517,-79.2817
9751364,17.7500,-64.7050
9751401,17.6947,-64.7538
9751472,18.3350,-64.7950
9751583,18.3489,-64.8642
9751768,18.3712,-64.9635
9752619,18.1525,-65.4438
9753216,18.3352,-65.6311
9755371,18.4589,-66.1164
9757809,18.4805,-66.7024
9759189,18.0748,-67.1888
9759412,18.4566,-67.1646
9761115,17.5907,-61.8206
8460751,41.3433,-71.9750
8461490,41.3614,-72.0900
8463701,41.2683,-72.5317
8464255,41.6633,-72.6300
8465692,41.2517,-72.9050
8466375,41.2050,-73.0417
8466664,41.2750,-73.0883
8467150,41.1733,-73.1817
8468191,41.1200,-73.3683
8468799,41.0383,-73.4800
8550438,39.7500,-75.4933
8551702,39.5833,-75.5733
8551910,39.5583,-75.5733
8555388,39.0583,-75.3967
8556198,38.9450,-75.3133
8557863,38.7200,-75.0833
8558695,38.6100,-75.0700
8559885,38.4633,-75.0550
8593005,38.8717,-76.9950
8594900,38.8733,-77.0217
7641400,6.4233,3.4117
8720001,30.7867,-81.8400
8720007,30.7033,-81.5767
8720012,30.7167,-81.3017
8720051,30.6433,-81.5233
8720084,30.5883,-81.6633
8720097,30.5767,-81.5717
8720135,30.5183,-81.4533
8720145,30.5017,-81.5417
8720186,30.4400,-81.4383
8720198,30.4067,-81.5100
8720213,30.4200,-81.7283
8720216,30.3983,-81.6983
8720219,30.3867,-81.5583
8720224,30.3950,-81.4317
8720232,30.3767,-81.4483
8720267,30.3233,-81.4383
8720291,30.2833,-81.3867
8720333,30.2283,-81.6633
8720398,30.1333,-81.3867
8720434,30.0800,-81.7617
8720503,29.9783,-81.6283
8720582,29.8667,-81.3067
8720623,29.7933,-81.2717
8720653,29.7633,-81.5617
8720757,29.6150,-81.2050
8720782,29.5717,-81.6067
8720833,29.4783,-81.1367
8721020,29.2283,-81.0050
8721138,29.0817,-80.9367
8721191,28.9883,-80.9000
8721374,28.7333,-80.7567
8721608,28.4083,-80.6017
8721749,28.2117,-80.6633
8721874,28.0417,-80.5800
8722029,27.8117,-80.4633
8722146,27.5933,-80.3567
8722212,27.4700,-80.2883
8722274,27.3550,-80.2733
8722338,27.2350,-80.2100
8722371,27.1750,-80.1883
8722404,27.1133,-80.1450
8722445,27.0367,-80.1067
8722481,26.9700,-80.1267
8722487,26.9517,-80.1017
8722492,26.9467,-80.0900
8722499,26.9350,-80.0850
8722548,26.8433,-80.0667
8722607,26.7333,-80.0417
8722669,26.6133,-80.0467
8722718,26.5267,-80.0533
8722784,26.4033,-80.0700
8722859,26.2600,-80.0850
8722899,26.1883,-80.0933
8722951,26.0917,-80.1233
8722968,26.0600,-80.1300
8722979,26.0400,-80.1150
8723044,25.9417,-80.1250
8723080,25.9033,-80.1200
8723165,25.7783,-80.1850
8723205,25.7267,-80.2367
8723251,25.6517,-80.1600
8723355,25.5233,-80.1750
8723393,25.4767,-80.1800
8723439,25.4150,-80.2100
8723465,25.3733,-80.2900
8723518,25.3100,-80.2983
8723574,25.2350,-80.4350
8723613,25.1833,-80.3900
8723688,25.0817,-80.4450
8723692,25.0800,-80.4500
8723746,25.0050,-80.6183
8723769,24.9733,-80.5500
8723797,24.9383,-80.6100
8723812,24.9133,-80.6600
8723825,24.9000,-80.7050
8723851,24.8683,-80.7033
8723873,24.8383,-80.7983
8723918,24.7767,-80.9233
8723933,24.7550,-80.9583
8723962,24.7183,-81.0167
8723999,24.6267,-81.1117
8724033,24.7050,-81.1567
8724093,24.6817,-81.2283
8724099,24.6800,-81.2350
8724129,24.7800,-81.2717
8724153,24.7433,-81.3000
8724172,24.7667,-81.3233
8724189,24.7400,-81.3417
8724196,24.7183,-81.3517
8724205,24.7333,-81.3617
8724215,24.6517,-81.3750
8724227,24.6900,-81.3833
8724238,24.6233,-81.4033
8724246,24.7883,-81.4117
8724266,24.6517,-81.4350
8724292,24.6617,-81.4683
8724306,24.6417,-81.4850
8724313,24.6600,-81.4917
8724332,24.6617,-81.5150
8724353,24.6550,-81.5400
8724368,24.6933,-81.5550
8724375,24.6067,-81.5667
8724397,24.7100,-81.5933
8724417,24.6150,-81.6167
8724427,24.6667,-81.6300
8724441,24.6167,-81.6450
8724474,24.6233,-81.6850
8724489,24.6017,-81.6550
8724503,24.5767,-81.7217
8724527,24.5700,-81.7500
8724557,24.5450,-81.7833
8724635,24.4533,-81.8783
8724671,24.7183,-81.9215
8724919,25.8133,-81.3633
8724948,25.8583,-81.3867
8724963,25.8950,-81.5583
8724970,25.9033,-81.5133
8724979,25.9333,-81.6550
8724996,25.9850,-81.7017
8725079,26.0833,-81.7850
8725171,26.2117,-81.8133
8725235,26.2900,-81.8183
8725271,26.3433,-81.7800
8725319,26.4000,-81.8433
8725346,26.4300,-81.8567
8725368,26.4600,-81.9400
8725393,26.4917,-82.0817
8725439,26.5483,-82.0800
8725488,26.6050,-82.2183
8725541,26.7067,-82.1633
8725665,26.8267,-82.2850
8725691,26.8717,-82.3133
8725747,26.9333,-82.3533
8725782,26.9783,-81.9750
8725835,27.0433,-81.9867
8725889,27.1117,-82.4633
8725943,27.1783,-82.4950
8726083,27.3317,-82.5450
8726217,27.4667,-82.6867
8726243,27.4967,-82.7133
8726254,27.4983,-82.6683
8726278,27.5267,-82.4817
8726353,27.6017,-82.5533
8726425,27.6783,-82.5033
8726467,27.7183,-82.4533
8726522,27.7600,-82.6267
8726539,27.7833,-82.4067
8726574,27.8083,-82.7950
8726604,27.8550,-82.4800
8726632,27.8817,-82.3967
8726651,27.8983,-82.4267
8726668,27.9183,-82.4450
8726693,27.9467,-82.4617
8726706,27.9550,-82.8067
8726738,27.9883,-82.6850
8726768,28.0283,-82.6333
8726808,28.0583,-82.8100
8726833,28.0850,-82.7717
8726892,28.1467,-82.7583
8726905,28.1600,-82.7683
8726917,28.1650,-82.8433
8726976,28.2017,-82.7800
8726996,28.2467,-82.7350
8727012,28.2683,-82.7267
8727086,28.4133,-82.6767
8727151,28.5333,-82.6500
8727246,28.7150,-82.5767
8727293,28.8000,-82.6033
8727333,28.8700,-82.7233
8727348,28.9050,-82.6383
8727411,29.0300,-82.7133
8727512,29.3983,-83.0233
8727577,29.3283,-83.1517
8727695,29.6717,-83.3900
8727809,29.8450,-83.6217
8727956,30.0533,-83.9100
8728151,30.1550,-84.2033
8728255,29.9117,-84.3650
8728262,29.9767,-84.3750
8728351,30.0050,-84.4717
8728408,29.8100,-84.5850
8728486,29.7667,-84.7000
8728552,29.6917,-84.7917
8728669,29.6133,-84.9583
8728711,29.7633,-85.0333
8728786,29.7067,-85.1533
8728941,30.0033,-85.3483
8728957,29.9967,-85.3700
8728995,29.9483,-85.4250
8729022,29.9700,-85.4800
8729052,30.0250,-85.5417
8729083,30.1000,-85.6117
8729101,30.2833,-85.6467
8729107,30.1517,-85.6600
8729119,30.0950,-85.6850
8729149,30.1300,-85.7433
8729155,30.1583,-85.7683
8729189,30.1867,-85.8333
8729329,30.3967,-86.0883
8729364,30.4883,-86.2050
8729387,30.4867,-86.2533
8729501,30.5033,-86.4933
8729538,30.4350,-86.5867
8729567,30.4283,-86.6317
8729678,30.3767,-86.8650
8729702,30.4500,-86.9183
8729753,30.6367,-87.0283
8729793,30.5450,-87.1033
8729816,30.5150,-87.1617
8729849,30.4017,-87.2517
8729871,30.3750,-87.2767
8729905,30.4183,-87.3567
8729941,30.3869,-87.4288
8729962,30.3933,-87.4250
8670424,32.1433,-81.1417
8672667,31.7933,-81.1817
8673381,31.6950,-81.2717
8674975,31.4867,-81.3200
8675761,31.3739,-81.3339
8677406,31.1446,-81.4968
8679511,30.7967,-81.5150
8679945,30.7267,-81.4767
9044020,42.0909,-83.1860
9044036,42.2989,-83.0926
9063020,42.8774,-78.8905
9063038,42.1540,-80.0925
9063075,41.3826,-82.5144
9063087,41.8983,-83.3617
9075002,43.1404,-82.4939
9075035,43.6404,-83.8468
9075080,45.7779,-84.7253
9087010,44.7667,-85.6250
9087031,42.7681,-86.2012
9087057,43.0020,-87.8876
9087068,44.4640,-87.5010
9087078,44.5400,-88.0083
9087096,45.9699,-85.8715
9052000,44.1302,-76.3320
9052076,43.3384,-78.7273
9034051,42.4350,-82.8717
9099004,46.4845,-84.6309
9099018,46.5456,-87.3791
9099064,46.7757,-92.0920
9063007,43.0999,-79.0599
9063012,43.0769,-79.0139
9014070,42.6210,-82.5269
9014084,42.9067,-82.4667
9014091,42.9747,-82.4188
9014099,43.0056,-82.4222
8311030,44.7029,-75.4944
9076024,46.2648,-84.1912
9076032,46.4847,-84.3010
9076060,46.5010,-84.3403
1611347,21.9033,-159.5920
1612366,21.3300,-157.9670
1612480,21.4331,-157.7900
1615680,20.8950,-156.4767
2431000,-7.2900,72.3933
8760412,29.2050,-89.0367
8760551,28.9900,-89.1400
8760721,29.1783,-89.2583
8760783,29.0567,-89.3083
8760922,28.9322,-89.4075
8761193,29.3900,-89.5950
8761305,29.8681,-89.6732
8761414,29.3717,-89.7517
8761484,29.4567,-89.8000
8761529,29.9450,-89.8350
8761678,30.0067,-89.9367
8761720,29.2550,-89.9683
8761742,29.3183,-89.9800
8761826,29.2100,-90.0400
8761955,29.9329,-90.1355
8761993,30.3783,-90.1600
8762084,29.2483,-90.2117
8762231,29.7717,-90.2900
8762419,30.2850,-90.4017
8762525,29.4167,-90.4467
8762731,29.4283,-90.5567
8762928,29.2450,-90.6617
8763153,29.2350,-90.7800
8763986,29.6933,-91.2100
8764101,29.4733,-91.2667
8764256,29.3333,-91.3533
8764361,29.5733,-91.4200
8765148,29.8372,-91.8375
8765258,29.7117,-91.8783
8767961,30.1903,-93.3007
8410140,44.9046,-66.9829
8410834,45.1284,-67.1447
8411250,44.6417,-67.2967
8413801,44.5350,-68.4217
8414612,44.7850,-68.7667
8414721,44.4717,-68.8133
8414856,44.1267,-68.8733
8415490,44.1050,-69.1017
8416921,44.0000,-69.6667
8417144,44.3200,-69.7703
8417227,43.9250,-69.8150
8417881,43.7217,-70.1417
8417988,43.6700,-70.2000
8418015,43.7317,-70.2050
8418268,43.6417,-70.2850
8418828,43.4917,-70.4467
8419399,43.1667,-70.5933
8419751,42.9883,-70.6183
8570255,38.3417,-75.0850
8570283,38.3283,-75.0917
8570536,38.2150,-75.1917
8570691,38.1389,-75.1835
8571091,37.9767,-75.8633
8571214,38.0683,-76.0967
8571351,38.1717,-75.9450
8571421,38.2200,-76.0383
8571519,38.2967,-76.2050
8571616,38.3650,-75.6067
8571890,38.5750,-76.0717
8571979,38.7650,-76.3283
8572467,38.8367,-76.3733
8572955,39.0317,-76.3017
8573349,39.2450,-75.9250
8573903,39.5033,-75.9167
8574070,39.5367,-76.0900
8574680,39.2667,-76.5783
8574821,39.2083,-76.5333
8574931,39.1633,-76.5267
8575512,38.9833,-76.4816
8576363,38.7000,-76.5333
8577330,38.3167,-76.4517
8578240,38.1333,-76.5333
8440273,42.8383,-70.9083
8440466,42.8150,-70.8733
8441551,42.6583,-70.6150
8441841,42.6100,-70.6600
8443187,42.4583,-70.9433
8443970,42.3548,-71.0534
8444788,42.2483,-70.9667
8446121,42.0496,-70.1822
8447173,41.7750,-70.5350
8447241,41.7517,-70.1550
8447277,41.7417,-70.6583
8447355,41.7150,-70.6167
8447386,41.7043,-71.1641
8447495,41.6683,-70.0567
8447506,41.6650,-70.0650
8447685,41.6050,-70.6517
8447842,41.5383,-70.9283
8448157,41.4583,-70.6000
8448251,41.4483,-70.8567
8448558,41.3883,-70.5117
8449130,41.2850,-70.0967
8740166,30.4130,-88.4027
8740448,30.3867,-88.4400
8741196,30.3400,-88.5333
8741533,30.3679,-88.5630
8742221,30.2383,-88.6667
8743081,30.3867,-88.7733
8743301,30.4300,-88.8000
8743735,30.3900,-88.8567
8744117,30.4117,-88.9033
8744663,30.4417,-88.9733
8744934,30.4350,-89.0083
8745555,30.4317,-89.0817
8746487,30.3967,-89.2000
8746819,30.3100,-89.2450
8747038,30.3583,-89.2733
8747398,30.3733,-89.3217
8747766,30.2817,-89.3667
8747961,30.3983,-89.3850
8748145,30.3333,-89.4167
8748469,30.3217,-89.4533
8420411,43.1983,-70.8683
8423635,43.0900,-70.7633
8530095,40.9450,-73.9183
8530345,40.8683,-74.1117
8530464,40.8283,-74.0800
8530531,40.8050,-74.0533
8530586,40.7933,-74.0917
8530696,40.7517,-74.0967
8530802,40.7167,-74.0317
8531077,40.5983,-74.2317
8531223,40.4533,-74.2733
8531369,40.4167,-74.3633
8531526,40.4333,-74.2183
8531630,40.4317,-74.0850
8531712,40.3967,-73.9817
8531833,40.3550,-74.0650
8531991,40.3033,-73.9767
8532339,40.1867,-74.0267
8532591,40.1017,-74.0350
8532715,40.0617,-74.0617
8532786,40.0367,-74.0533
8532921,39.9967,-74.1483
8533055,39.9483,-74.1150
8533141,39.9183,-74.1100
8533345,39.8517,-74.0883
8533465,39.8083,-74.1883
8533542,39.7917,-74.1817
8533665,39.7450,-74.2017
8533862,39.6750,-74.1600
8533935,39.6533,-74.1850
8533987,39.6317,-74.2967
8534044,39.6133,-74.2633
8534080,39.6017,-74.3417
8534139,39.5767,-74.3317
8534244,39.5400,-74.3867
8534319,39.5083,-74.3250
8534468,39.4483,-74.7283
8534540,39.4233,-74.5000
8534691,39.3683,-74.7167
8534770,39.3350,-74.4767
8534774,39.2900,-74.3750
8534780,39.3367,-74.5933
8534836,39.3083,-74.5333
8534885,39.2917,-74.7500
8535101,39.2150,-74.6483
8535309,39.1467,-74.7500
8535419,39.1100,-74.7383
8535555,39.0650,-74.8083
8535695,39.0183,-74.8417
8535835,38.9750,-74.8233
8535902,38.9467,-74.9133
8536110,38.9683,-74.9600
8536551,39.1183,-74.8683
8536736,39.1783,-74.8517
8536780,39.2000,-75.0200
8536831,39.2933,-75.1333
8536849,39.2167,-75.1033
8536889,39.2300,-75.0367
8536935,39.2500,-75.1283
8537052,39.2850,-75.2383
8537101,39.2983,-75.2467
8537121,39.3050,-75.3750
8537242,39.3433,-75.0083
8537363,39.3817,-75.4067
8537488,39.4217,-75.4283
8537562,39.4617,-75.4033
8537667,39.4583,-75.4950
8537753,39.5050,-75.4833
8537889,39.5483,-75.4150
8538055,39.6100,-75.5200
8538231,39.6833,-75.5100
8538414,39.7833,-75.4067
8538479,39.8150,-75.0883
8538552,39.8500,-75.2500
8538779,39.9617,-75.0983
8538853,39.9933,-75.0283
8538921,40.0283,-74.9317
8539494,40.1383,-74.7117
8510321,41.0717,-71.8567
8510719,41.2567,-72.0300
8511629,41.0033,-72.2967
8512354,40.8367,-72.4800
8512671,40.8200,-72.5617
8512987,40.9817,-72.6450
8513825,40.7383,-72.8683
8514560,40.9500,-73.0767
8515186,40.6267,-73.2600
8515921,40.9100,-73.4317
8516299,40.9033,-73.5500
8516607,40.8346,-73.6524
8516663,40.5963,-73.6551
8516891,40.6350,-73.7467
8517125,40.7983,-73.8133
8517251,40.7610,-73.8504
8517732,40.7067,-73.9750
8517847,40.7033,-73.9950
8518490,40.8933,-73.7817
8518639,40.8017,-73.9067
8518687,40.7583,-73.9583
8518750,40.7006,-74.0142
8518905,40.9033,-73.9167
8518951,41.7833,-73.9500
8519050,40.6120,-74.0599
8519483,40.6367,-74.1417
8651370,36.1833,-75.7467
8651817,36.0550,-76.6842
8652247,35.9033,-75.7700
8652587,35.7950,-75.5483
8652715,35.7567,-75.5317
8653305,35.5650,-75.7350
8653951,35.3501,-75.5120
8654467,35.2086,-75.7042
8655151,35.0200,-76.3100
8656084,34.8250,-76.6900
8656306,34.7683,-76.6717
8656483,34.7200,-76.6700
8656503,34.7150,-76.5783
8656566,34.7000,-76.7683
8656612,34.6867,-76.5333
8657419,34.4517,-77.4950
8658501,34.0567,-77.9400
8658622,34.0033,-77.9550
8658715,33.9617,-77.9400
8659084,33.9150,-78.0183
8659898,33.8817,-78.5100
8659960,33.8550,-78.5433
9431011,42.4216,-124.4187
9432771,43.3417,-124.3670
9432879,43.3767,-124.2970
9434098,44.0021,-124.1230
9435308,44.5933,-124.0080
9435385,44.6267,-124.0550
9436381,45.0479,-124.0073
9437540,45.5545,-123.9189
9438772,46.1242,-123.8043
9439026,46.1717,-123.8420
9439099,46.1600,-123.4050
9439201,45.8650,-122.7970
1619000,16.7383,-169.5300
1631428,13.4283,144.7970
1770000,-14.2800,-170.6900
1890000,19.2900,166.6180
8540433,39.8117,-75.4100
8542885,39.8783,-75.2767
8543111,39.8933,-75.2583
8545534,39.9533,-75.1383
8549424,40.1283,-74.8233
2627000,37.7350,-25.6733
8450768,41.4650,-71.1933
8450954,41.6183,-71.2033
8451552,41.6367,-71.2550
8452660,41.5050,-71.3267
8453201,41.4633,-71.3617
8453572,41.6667,-71.3783
8453999,41.4517,-71.4017
8454341,41.4600,-71.4283
8454658,41.4217,-71.4550
8455189,41.3817,-71.8317
8459338,41.1733,-71.5567
8459681,41.1633,-71.6100
9952000,-56.5083,-68.7150
8660098,33.8700,-78.5733
8660148,33.8583,-78.5700
8660265,33.8350,-78.6333
8660642,33.7667,-78.8150
8661000,33.6833,-78.8850
8661119,33.6017,-79.1183
8661347,33.5967,-79.0983
8661529,33.5517,-79.0367
8661593,33.5350,-79.3883
8661684,33.5117,-79.0683
8661989,33.4350,-79.1267
8662071,33.4117,-79.1350
8662299,33.3333,-79.1933
8662670,33.2450,-79.5217
8662793,33.2100,-79.3850
8662931,33.3667,-79.2550
8663219,33.1467,-79.3233
8663535,33.0950,-79.8083
8663665,33.0767,-79.8550
8663858,33.0400,-79.5600
8664515,32.9483,-79.9317
8664545,32.9267,-79.8300
8664611,32.9150,-79.7467
8664688,32.9067,-79.9350
8664801,32.8817,-79.6583
8664945,32.8600,-79.9383
8665099,32.8367,-80.0217
8665167,32.8267,-79.7867
8665387,32.7867,-79.7917
8665475,32.7867,-80.1050
8665530,32.7817,-79.9250
8665589,32.7700,-80.0633
8665641,32.7633,-80.0017
8665763,32.7467,-80.1650
8666102,32.7067,-79.9367
8666167,32.7000,-80.4267
8666283,32.6767,-80.0067
8666433,32.6683,-80.2933
8666652,32.6617,-79.9450
8666699,32.6467,-80.2567
8666775,32.6367,-80.2017
8667034,32.5900,-80.6300
8667074,32.6017,-80.5417
8667178,32.5850,-80.2283
8667259,32.5683,-80.5533
8667411,32.5733,-80.7450
8667623,32.5017,-80.3183
8667676,32.4933,-80.3400
8667783,32.4767,-80.4200
8667982,32.4400,-80.5533
8668146,32.4033,-80.4533
8668227,32.3917,-80.4383
8668498,32.3400,-80.4650
8668619,32.3217,-80.7917
8669103,32.2300,-80.8617
8669262,32.2000,-80.8150
8669601,32.1217,-80.8983
8770475,29.8667,-93.9300
8770570,29.7284,-93.8701
8770613,29.6817,-94.9850
8770733,29.7650,-95.0783
8770808,29.5947,-94.3903
8771013,29.4800,-94.9183
8771328,29.3650,-94.7800
8771450,29.3100,-94.7933
8771801,29.1667,-95.1250
8772132,29.0417,-95.1750
8772479,28.9333,-95.2833
8773156,28.6933,-96.2250
8773963,28.3333,-96.4617
8774770,28.0217,-97.0467
8775238,27.8383,-97.0517
8775283,27.8217,-97.2033
8775421,27.7050,-97.2800
8776139,27.4800,-97.3217
8777562,26.9417,-97.4583
8779040,26.3617,-97.3183
8779724,26.0783,-97.1700
8779750,26.0683,-97.1567
8779768,26.0517,-97.1817
8630111,37.9817,-75.3017
8630316,37.9033,-75.4067
8631542,37.3017,-75.7783
8632200,37.1652,-75.9884
8632837,37.5383,-76.0150
8633362,37.7633,-75.7733
8635027,38.3200,-77.0367
8635750,37.9961,-76.4644
8636580,37.6162,-76.2900
8636654,37.5833,-76.4183
8637289,37.3467,-76.2733
8637624,37.2467,-76.5000
8637722,37.2100,-76.2533
8638421,37.0567,-76.6683
8638445,37.4033,-76.9117
8638464,37.3150,-77.0983
8638489,37.2667,-77.3717
8638610,36.9467,-76.3300
8638863,36.9667,-76.1133
8638866,36.9667,-76.1133
8638888,36.9067,-76.0900
8638923,36.9017,-76.0617
8638978,36.8683,-76.0050
8639207,36.8317,-75.9733
8639348,36.7783,-76.3017
8639519,36.7100,-76.2683
9440083,45.6317,-122.6970
9440521,46.2017,-123.3850
9440572,46.2683,-124.0370
9440581,46.3000,-124.0000
9440910,46.7075,-123.9669
9441187,46.9683,-123.8530
9442861,48.2967,-124.6720
9443826,48.1617,-123.7250
9444900,48.1117,-122.7580
9445133,47.7483,-122.7270
9445296,47.6417,-122.8280
9445526,47.9183,-122.5450
9445938,47.5733,-122.5430
9446291,47.3783,-122.6340
9446491,47.2800,-122.6520
9446705,47.1800,-122.6750
9446807,47.0983,-122.8950
9447111,47.5850,-122.3600
9447114,47.5850,-122.3600
9447239,47.6883,-122.2580
9447717,48.0349,-122.2272
9447855,48.0267,-122.5350
9448043,48.1068,-122.3473
9448558,48.3917,-122.4970
9448614,48.4150,-122.6520
9448794,48.5183,-122.6200
9449292,48.7900,-122.7080
9449679,48.9917,-122.7650
9449747,48.6750,-123.0400
9449828,48.5817,-123.1700
9449896,48.4633,-122.9670
9449982,48.4467,-122.9000
9414750,-122.3,37.772
8534720,-74.418,39.357
9461380,-176.637,51.861
9014070,-82.527,42.621
9457804,-154.247,56.898
8311062,-75.934,44.331
8764227,-91.338,29.45
9455920,-149.89,61.238
9416841,-123.711,38.915
8575512,-76.479,38.983
8728690 ,-84.98,29.724
1630000,144.657,13.444
9439040,-123.768,46.207
8413320 ,-68.204,44.392
9461710,-174.173,52.232
9761115,-61.821,17.591
8518750,-74.014,40.701
8539094,-74.87,40.082
8546252,-75.079,39.98
2695540,-64.701,32.374
8656483,-76.671,34.717
8519483,-74.146,40.639
8443970,-71.05,42.355
8571421,-76.039,38.22
8720357,-81.692,30.192
8767961,-93.301,30.19
8720233,-81.523,30.393
8574680,-76.579,39.267
8447387,-71.174,41.704
8467150,-73.181,41.174
8555889,-75.113,38.987
9063020,-78.89,42.878
8762482,-90.42,29.789
8447930,-70.671,41.524
8571892,-76.069,38.574
8768094,-93.343,29.768
8761955,-90.135,29.933
8418150,-70.246,43.656
8638863,-76.114,36.967
9419750,-124.184,41.746
8411060 ,-67.205,44.657
9432780 ,-124.337,43.351
9751639,-64.92,18.335
8573927,-75.81,39.527
9751364,-64.699,17.748
8665530,-79.924,32.781
8638999,-76.007,36.926
9449424 ,-122.759,48.863
9752235,65.302,18.301
8536110,-74.96,38.968
9087044,-87.538,41.73
9063063,-81.637,41.542
8577018,-76.385,38.402
9449419,-122.756,48.86
8452944,-71.345,41.717
8575437,-76.388,38.995
9454050,-145.752,60.558
8638595,-76.339,36.888
8726724,-82.832,27.978
8551762,-75.589,39.582
8741501,-88.567,30.356
8720219,-81.559,30.387
8638511,-76.424,36.962
9415141,-122.264,38.056
9075099,-83.898,45.993
8651370,-75.746,36.184
9099064,-92.092,46.776
9447130,-122.338,47.602
8764314,-91.384,29.373
9452634,-136.347,58.193
8771013,-94.917,29.481
9063038,-80.098,42.172
9752695,-65.471,18.094
9063053,-81.281,41.764
8772447,-95.302,28.943
8734673,-88.024,30.228
8725520,-81.871,26.647
8454000,-71.401,41.807
8670870,-80.903,32.035
8720030,-81.465,30.675
9449880,-123.012,48.545
8762484,-90.422,30.106
8447386,-71.164,41.704
8766072,-92.305,29.552
8447412,-71.18,41.696,
8574728,-76.528,39.219
8574729,-76.525,39.219
9014098,-82.422,43.007
9414290,-122.466,37.806
8720503,-81.634,29.982
9099090,-90.341,47.749
8761724,-89.958,29.265
8771341,-94.725,29.357
8771450,-94.792,29.311
9418767,-124.217,40.767
8654467,-75.704,35.209
9087031,-86.213,42.773
9075014,-82.643,43.846
9411406,-120.682,34.469
9410840,-118.5,34.008
9410172,-117.177,32.714
1617760,-155.056,19.73
9451600,-135.342,57.052
8658163,-77.786,34.213
9452210,-134.411,58.298
8720245,-81.612,30.354
9457292,-152.511,57.731
9450460,-131.625,55.331
9459881,-162.327,55.062
1615680,-156.469,20.895
8516945,-73.765,40.811
8632200,-75.988,37.165
1617433,-155.829,20.037
1820000,167.734,8.732
9087069,-87.496,44.465
8724580,-81.808,24.556
9751381,-64.724,18.318
9442396,-124.637,47.913
8767816,-93.222,30.224
9087023,-86.441,43.947
9410230,-117.257,32.867
8722670,-80.034,26.613
9414763,-122.281,37.795
9440422,-122.954,46.106
9075065,-83.429,45.063
9751401,-64.754,17.695
8720228,-81.446,30.379
9076033,-84.302,46.486
8557380,-75.119,38.783
8635750,-76.465,37.995
9075080,-84.721,45.777
8736163,-88.086,30.527
9014090,-82.419,42.975
8736897,-88.058,30.649
9099018,-87.379,46.546
8726667,-82.425,27.914
9413450,-121.889,36.605
9759110,-67.046,17.97
8770613,-94.985,29.682
9759394,-67.159,18.218
8519532,-74.162,40.641
9759938,-67.939,18.09
9087088,-87.59,45.096
8639348,-76.302,36.778
1612480,-157.79,21.433
8775870,-97.217,27.581
8540433,-75.415,39.809
9063079,-82.731,41.544
8661070,-78.916,33.656
8726412,-82.594,27.661
8510560,-71.959,41.048
9413450,-121.889,36.605
8720218,-81.428,30.398
9415102,-122.125,38.035
8548989,-74.752,40.137
8635027,-77.037,38.32
9443090,-124.614,48.367
8720215,-81.627,30.4
9063012,-79.014,43.077
9455760,-151.399,60.683
8461490,-72.09,41.361
9468756,-165.43,64.5
8725110,-81.807,26.132
1770000,-170.688,-14.28
9411340,-119.692,34.405
8449130 ,-70.096,41.285
8761927,-90.113,30.027
8465705,-72.908,41.283
8452660,-71.326,41.504
1611400,-159.353,21.954
8311030,-75.494,44.702
8737048,-88.04,30.705
9414797,-122.341,37.804
8570283,-75.091,38.328
9410660,-118.273,33.72
9414776,-122.333,37.811
9462450,-168.87,52.94
9414769,-122.33,37.801
1612340,-157.865,21.303
8726607,-82.553,27.858
8652587,-75.548,35.796
9052030,-76.511,43.464
9455500,-151.72,59.44
8729108,-85.667,30.152
8729210,-85.88,30.213
8729840,-87.211,30.404
9415144,-122.039,38.056
9410670,-118.215,33.747
1631428,144.796,13.428
8545240,-75.142,39.933
8760721,-89.259,29.179
9451054,-134.647,56.247
8726384,-82.562,27.638
9463502,-160.562,55.99
9087096,-85.869,45.968
8741533,-88.563,30.368
9431647,-124.498,42.739
8578240,-76.533,38.134
9414847,-122.365,37.906
9497645,-148.527,70.4
9410665,-118.186,33.733
8452314,-71.304,41.605
9415020,-122.977,37.996
9415115,-121.887,38.04
8410140,-66.983,44.905
9412110,-120.754,35.169
8760922,-89.407,28.932
9063028,-79.048,42.691
9444090,-123.441,48.125
8741003,-88.505,30.213
8452951,-71.34,41.638
9099004,-84.631,46.485
8779770,-97.215,26.061
8737005,-88.031,30.671
9444900,-122.76,48.111
9414311,-122.393,37.798
9414296,-122.397,37.803
8454049,-71.407,41.586
8741094,-88.511,30.343
9076024,-84.191,46.264
9414863,-122.41,37.923
8774770,-97.048,28.024
9052058,-77.626,43.269
8720625,-81.55,29.8,
9491094,-164.067,67.575
8551910,-75.572,39.558
8530973,-74.065,40.657
8632837,-76.014,37.538
9414523,-122.212,37.507
8726520,-82.627,27.761
9435380,-124.045,44.625
8770570,-93.87,29.728
9410170,-117.174,32.714
8531680,-74.009,40.467
8761305,-89.673,29.868
9755371,-66.116,18.459
8537121,-75.377,39.305
9452400,-135.327,59.45
8577330,-76.452,38.321
9459450,-160.502,55.336
1619910,-177.361,28.215
9455090,-149.427,60.12
9076070,-84.372,46.501
8638610,-76.329,36.943
8573364,-76.244,39.213
9446482,-122.418,47.276
9446484,-122.413,47.267
8764044,-91.237,29.668
9063085,-83.473,41.694
9437540,-123.919,45.555
9440910,-123.967,46.707
8726694,-82.432,27.928
8721604,-80.593,28.416
8726679,-82.426,27.929
8770822,-93.842,29.689
8741041,-88.505,30.348
9462620,-166.537,53.88
9415118,-122.121,38.038
8723214,-80.162,25.731
8723970,-81.107,24.711
9464212,-170.285,57.125
9454240,-146.361,61.125
8631044,-75.686,37.608
1890000,166.618,19.291
8594900,-77.021,38.873
8732828,-87.825,30.417
8638614,-76.315,36.977
8419317,-70.563,43.32
8658120,-77.954,34.228
9076027,-84.21,46.285
9441102,-124.105,46.904
8747437,-89.326,30.326
9453220,-139.733,59.548
8637611,-76.342,37.251
8637689,-76.479,37.227
8774230,-96.796,28.227
8776604,-97.405,27.297
8774513,-97.024,28.114
8771486,-94.896,29.302
8770808,-94.39,29.595
8771972,-95.122,29.076
8770733,-95.079,29.765
8770777,-95.266,29.726
8775244,-97.486,27.832
8775792,-97.237,27.634
8779748,-97.167,26.072
8773701,-96.396,28.446
8778490,-97.424,26.559
8770475,-93.931,29.867
8779280,-97.285,26.262
8770971,-94.513,29.515
8777812,-97.471,26.801
8775237,-97.072,27.84
8773037,-96.712,28.407
8775296,-97.389,27.815
8773259,-96.609,28.64
